fips_code,County,StateName,White_Pct,total_pop,Pct_Margin,total_2008,dem_2008,gop_2008,oth_2008,total_2012,dem_2012,gop_2012,oth_2012,total_2016,dem_2016,gop_2016,oth_2016,less_than_hs,only_hs,associates,bachelor_or_more,less_than_hs_pct,only_hs_pct,associates_pct,bachelor_or_more_pct,male,female,WA_male,WA_female,BA_male,BA_female,IA_male,IA_female,AA_male,AA_female,NA_male,NA_female,TOM_male,TOM_female,WAC_male,WAC_female,BAC_male,BAC_female,Young_Pct,Mid_Pct,Old_Pct,Elderly_Pct,,,Predicted margin,,
37001,Alamance County,NorthCarolina,0.7356305565,169509,13.08,64353,28918,34859,576,66638,28341,37712,585,69264,29268,38235,1761,15629,29784,36737,25881,14.5,27.6,34,24,80533,88976,59757,64939,16211,19158,1214,1252,1411,1547,73,71,1867,2009,61424,66723,17444,20499,0.2591156039,0.2113487007,0.1889875868,0.1448850124,,,14316.87029,,8967
37003,Alexander County,NorthCarolina,0.908,37497,57.34,17254,5167,11790,297,17060,4591,12207,262,18011,3750,13826,435,4924,10321,7551,3930,18.4,38.6,28.3,14.7,2798,2963,1827,1913,880,950,15,11,6,11,5,5,65,73,1889,1985,920,997,0.2327697958,0.2229664038,0.2089229772,0.1470508804,,,7934.779324,,10076
37005,Alleghany County,NorthCarolina,0.9544760708,11137,48.98,5263,2021,3124,118,5025,1574,3378,73,5214,1300,3789,125,1926,2430,2513,1374,23.4,29.5,30.5,16.7,5519,5618,5257,5373,101,96,38,21,43,46,2,3,78,79,5323,5443,137,132,0.2038371465,0.1990181949,0.2298234552,0.2033867772,,,2519.440106,,2489
37007,Anson County,NorthCarolina,0.4740243803,24446,-13.05,10733,6456,4207,70,11072,6894,4125,53,10394,5785,4480,129,3522,7504,5336,1730,19.5,41.5,29.5,9.6,12532,11914,5986,5602,5992,5854,137,90,199,161,11,5,207,202,6173,5787,6113,5981,0.2637338097,0.2130043174,0.2011314575,0.141469406,,,-1156.240723,,-1305
37009,Ashe County,NorthCarolina,0.9687166857,27203,45.79,13069,4872,7916,281,12486,4100,8207,179,13160,3476,9353,331,3187,6534,6663,3848,15.8,32.3,32.9,19,13331,13872,12875,13477,156,106,56,58,69,69,11,4,164,158,13021,13622,230,186,0.2081001964,0.2029680957,0.2292029496,0.1989105866,,,6348.131375,,5877
37011,Avery County,NorthCarolina,0.929429857,17557,57.71,7943,2178,5681,84,7657,1861,5708,88,8060,1670,6226,164,2325,3900,4198,2701,17.7,29.7,32,20.6,9513,8044,8613,7705,692,130,64,39,47,60,7,7,90,103,8691,7801,729,173,0.2580410176,0.2194329261,0.2111957862,0.1715230304,,,3084.031466,,4556
37013,Beaufort County,NorthCarolina,0.7198791335,46994,24.8,23010,9454,13460,96,23468,9399,13918,151,23599,8699,14478,422,4188,11331,11660,6533,12.4,33.6,34.6,19.4,22322,24672,16351,17479,5234,6408,248,242,112,137,18,17,359,389,16661,17831,5478,6662,0.2169026605,0.191419561,0.2273160201,0.1805405634,,,3955.182635,,5779
37015,Bertie County,NorthCarolina,0.3615348076,18947,-25.15,9763,6365,3376,22,9941,6537,3367,37,9380,5837,3476,67,3095,5529,3966,1945,21.3,38,27.3,13.4,9614,9333,3463,3387,5878,5697,87,50,61,84,13,6,112,109,3542,3468,5960,5768,0.2429197493,0.2014278309,0.2155647707,0.1692191697,,,-2368.701904,,-2361
37017,Bladen County,NorthCarolina,0.6079396125,32722,9.56,15480,7853,7532,95,16351,8277,7947,127,15743,7021,8511,211,4798,8075,7640,3636,19.9,33.4,31.6,15.1,15533,17189,9739,10154,5002,6133,474,541,46,63,7,6,265,292,9952,10401,5167,6290,0.2341384128,0.2012318572,0.2206507172,0.1528130257,,,418.7535151,,1490
37019,Brunswick County,NorthCarolina,0.8652569668,142820,29.45,52608,21331,30753,524,56985,21932,34587,466,67255,23117,42440,1698,9523,28379,32838,28368,9.6,28.6,33.1,28.6,68165,74655,58987,64589,6828,7480,584,611,443,627,97,62,1226,1286,60076,65735,7471,8160,0.2012050254,0.1836903427,0.2481896109,0.21067987,,,15317.37339,,19323
37021,Buncombe County,NorthCarolina,0.8944220896,261191,-15.05,123795,69716,52494,1585,126201,70066,54429,1706,134507,74937,55339,4231,16793,43596,52790,72933,9,23.4,28.4,39.2,125220,135971,111879,121736,7986,8339,673,692,1732,1985,214,198,2736,3021,114398,124526,9455,9967,0.2552495135,0.2080833817,0.2078544508,0.1585049962,,,34710.90762,,-19598
37023,Burke County,NorthCarolina,0.86,90485,39.98,37443,14901,22102,440,36116,13577,22109,430,37638,10930,25741,967,12258,19602,21751,10663,19.1,30.5,33.8,16.6,10648,11735,5561,5706,4799,5703,59,44,57,68,13,13,159,201,5702,5889,4893,5834,0.2414467361,0.2123098508,0.206951978,0.1581180058,,,12957.5285,,14811
37025,Cabarrus County,NorthCarolina,0.734,216453,20.48,77994,31546,45924,524,82445,32453,49125,867,91002,35048,53224,2730,13302,33485,44796,41472,10,25.2,33.7,31.2,105581,110872,77093,79602,19991,22542,752,821,5162,5101,95,113,2488,2693,79366,82043,21635,24310,0.2473694138,0.2340893113,0.1774366859,0.1123678991,,,25792.43495,,18176
37027,Caldwell County,NorthCarolina,0.9227269161,82178,51.92,35155,12081,22526,548,34338,10795,23069,474,35747,8403,26499,845,11913,19103,18775,8965,20.3,32.5,32,15.3,6188,6559,5698,6064,343,348,25,18,33,28,4,2,85,99,5782,6157,397,414,0.2264285887,0.2247072514,0.210427425,0.151962567,,,16049.41394,,18096
37029,Camden County,NorthCarolina,0.825,10897,47.14,4821,1597,3140,84,4520,1456,2995,69,4939,1266,3527,146,1042,2097,2818,1302,14.4,28.9,38.8,17.9,28098,26568,21476,19543,5108,5384,189,188,375,459,52,65,898,929,22264,20365,5587,5900,0.2149193548,0.2440524194,0.2037298387,0.127016129,,,2177.828965,,2261
37031,Carteret County,NorthCarolina,0.9014581204,69473,45.55,34597,11130,23131,336,35124,10197,24598,329,36919,9806,26228,885,4603,13055,19545,14752,8.9,25.1,37.6,28.4,34024,35449,30550,32077,2029,1893,209,230,384,493,62,57,790,699,31282,32708,2417,2233,0.2143096209,0.2033180186,0.2400885413,0.1878384957,,,11304.3159,,16422
37033,Caswell County,NorthCarolina,0.6452840205,22604,11.41,10862,5545,5208,109,10736,5183,5471,82,10515,4549,5758,208,3424,5544,5123,2581,20.5,33.3,30.7,15.5,11487,11117,7371,7215,3740,3555,92,83,71,60,3,3,210,201,7553,7391,3874,3678,0.2219566402,0.2209502243,0.2337820271,0.1548622468,,,431.7078864,,1209
37035,Catawba County,NorthCarolina,0.8385406547,159551,38.98,69451,25656,42993,802,69102,23954,44386,762,71065,21050,48062,1953,16024,33069,35333,23742,14.8,30.6,32.7,21.9,77988,81563,65404,68386,7003,7246,497,470,3423,3772,99,86,1562,1603,66882,69892,8050,8331,0.2410315216,0.2203255105,0.2007596982,0.1390651673,,,22957.5258,,27012
37037,Chatham County,NorthCarolina,0.821,74470,-10.37,32880,17862,14668,350,35157,18252,16578,327,39080,20953,17012,1115,6026,10910,13036,21089,11.8,21.4,25.5,41.3,139068,150362,75276,78247,55780,63374,571,494,4072,4460,190,191,3179,3596,77989,81316,57667,65581,0.2017850276,0.2128653378,0.2214700038,0.1793039354,,,13745.3551,,-3941
37039,Cherokee County,NorthCarolina,0.9317834784,28383,58.26,12586,3785,8643,158,12695,3339,9201,155,13860,2809,10711,340,2912,7354,6879,4086,13.7,34.6,32.4,19.2,12926,13270,12033,12376,558,515,94,87,37,66,5,3,199,223,12218,12589,642,604,0.187812776,0.187279217,0.2432477186,0.2235060347,,,5905.584176,,7902
37041,Chowan County,NorthCarolina,0.6256903106,13943,14.59,7512,3688,3773,51,7424,3507,3872,45,7108,2965,3983,160,1682,3598,3150,2075,16,34.3,30,19.8,6632,7311,4223,4501,2176,2616,44,22,55,61,22,11,112,100,4324,4586,2240,2674,0.215965596,0.1826367424,0.2230882946,0.1931192044,,,707.4813565,,1018
37043,Clay County,NorthCarolina,0.961,11139,52.89,5543,1734,3707,102,5592,1573,3952,67,5885,1352,4395,138,958,2834,2616,1890,11.5,34.2,31.5,22.8,6447,6788,5400,5615,867,957,30,45,19,19,0,0,131,152,5520,5758,949,1046,0.1856584343,0.1786020788,0.2501191952,0.2344807857,,,2572.02427,,3043
37045,Cleveland County,NorthCarolina,0.759,97947,31.11,43835,17363,26078,394,42542,16734,25440,368,44137,14896,28394,847,10650,23073,21169,11566,16,34.7,31.9,17.4,3938,4018,3427,3437,434,484,20,21,4,10,2,1,51,65,3474,3496,460,520,0.241751035,0.2117985818,0.2063061032,0.1473849244,,,9991.694929,,13498
37047,Columbus County,NorthCarolina,0.6314405131,55508,22.32,24282,11076,12994,212,24017,10973,12863,181,23472,8991,14177,304,7262,13660,13310,5144,18.4,34.7,33.8,13.1,27548,27960,17215,17835,8582,8383,1045,1041,140,163,26,22,540,516,17656,18252,8884,8654,0.2475118771,0.2030637722,0.2050403995,0.1483510767,,,2034.648427,,5186
37049,Craven County,NorthCarolina,0.7183837711,102139,22.27,44598,19352,24901,345,45585,18556,26654,375,46231,17481,27556,1194,7957,17478,24669,17352,11.8,25.9,36.6,25.7,51569,50570,37481,35894,10613,11201,373,307,1442,1544,103,97,1557,1527,38832,37211,11502,12082,0.2845840537,0.1801359627,0.1844238677,0.1508092322,,,7502.884573,,10075
37051,Cumberland County,NorthCarolina,0.511,335509,-16.55,127575,74693,52151,731,126092,74991,50191,910,124402,70523,50593,3286,19001,52253,82315,51252,9.3,25.5,40.2,25,5358,5408,5230,5269,28,26,12,12,26,42,2,7,60,52,5286,5317,57,51,0.3311089519,0.1936888791,0.1581353435,0.0928755015,,,-23269.78389,,-19930
37053,Currituck County,NorthCarolina,0.9049094118,27763,51.76,11102,3737,7234,131,11153,3521,7431,201,12423,2879,9070,474,1980,5059,7019,4220,10.8,27.7,38.4,23.1,13837,13926,12506,12617,823,776,111,90,91,140,7,15,299,288,12778,12878,973,922,0.2195194557,0.2396980651,0.2205613438,0.1267701467,,,5211.233583,,6191
37055,Dare County,NorthCarolina,0.9383393229,37009,22.68,18048,8074,9745,229,17614,7258,10102,254,19009,7079,11283,647,1793,6180,9892,8785,6.7,23.2,37.1,33,18153,18856,17013,17714,565,453,93,119,110,216,11,10,361,344,17341,18031,751,630,0.2216081141,0.2243569014,0.2403498457,0.1482581214,,,6450.991453,,4204
37057,Davidson County,NorthCarolina,0.8562368369,167609,49.99,68581,22433,45419,729,69994,20291,48935,768,72013,17328,52870,1815,19082,38062,36809,21270,16.6,33,31.9,18.5,81991,85618,70505,73008,8026,8874,676,666,1211,1506,68,43,1505,1521,71896,74416,8830,9688,0.229256964,0.226757616,0.2048130301,0.1412053998,,,25547.01966,,35542
37059,Davie County,NorthCarolina,0.8998272884,42846,49.5,20368,6178,13981,209,20418,5652,14568,198,21350,5228,15502,620,3979,9386,9680,6863,13.3,31.4,32.4,22.9,20922,21924,18888,19666,1302,1462,164,137,154,212,5,6,409,441,19262,20078,1569,1747,0.20608406,0.220534927,0.2171793867,0.161776232,,,9979.393394,,10274
37061,Duplin County,NorthCarolina,0.7039886961,58741,19.19,19904,8958,10834,112,20375,8923,11330,122,20601,8196,12151,254,10317,12972,12211,4436,25.8,32.5,30.6,11.1,28691,30050,20616,20737,6857,8105,410,394,224,216,130,119,454,479,21027,21164,7116,8379,0.2523534298,0.201521077,0.1923150135,0.1400809857,,,4606.037329,,3955
37063,Durham County,NorthCarolina,0.5404649629,321488,-62.1,136897,103456,32353,1088,143828,109185,33326,1317,150543,118783,27879,3881,24310,36237,49422,99488,11.6,17.3,23.6,47.5,153424,168064,84866,88887,54225,64344,1517,1381,8588,8997,162,167,4066,4288,88141,92271,56645,66984,0.3433750251,0.203123281,0.1663138607,0.09600115326,,,-34585.32739,,-90904
37065,Edgecombe County,NorthCarolina,0.3972645322,51472,-32.52,25930,17403,8445,82,26826,18249,8494,83,24653,16152,8219,282,7438,13628,10885,4629,20.3,37.3,29.8,12.7,23757,27715,9800,10648,13306,16445,216,171,75,90,23,46,337,315,10075,10904,13526,16645,0.2471436199,0.1993059263,0.2107136501,0.1412172985,,,-5244.101152,,-7933
37067,Forsyth County,NorthCarolina,0.667,382295,-10.85,166133,91085,73674,1374,172332,91606,79177,1549,172509,92488,74793,5228,27935,63603,72926,84008,11.2,25.6,29.3,33.8,121103,123149,93866,95711,5274,5387,612,584,18905,19072,87,81,2359,2314,96022,97790,6176,6316,0.2689292408,0.2095726579,0.1890995097,0.1286488759,,,-218.2165216,,-17695
37069,Franklin County,NorthCarolina,0.702,69685,11.95,26639,13085,13273,281,28059,13317,14480,262,29902,12811,16320,771,7114,13198,14976,9526,15.9,29.5,33.4,21.3,15782,15580,14388,14369,776,597,257,265,55,59,26,42,280,248,14657,14608,900,728,0.2400423515,0.2275889886,0.203556183,0.1243319552,,,5788.59551,,3509
37071,Gaston County,NorthCarolina,0.7762783427,224529,32.93,84402,31384,52507,511,89638,32903,55817,918,94872,30982,61467,2423,22783,46018,49695,30712,15.3,30.8,33.3,20.6,108372,116157,84800,89497,18730,21493,700,634,1676,1978,85,70,2381,2485,86998,91784,20207,23061,0.2477358601,0.2245588579,0.197559598,0.13134933,,,20652.15452,,30485
37073,Gates County,NorthCarolina,0.6530012109,11562,9.3,5420,2830,2547,43,5310,2745,2532,33,5328,2371,2851,106,1145,3032,2964,1204,13.7,36.3,35.5,14.4,5725,5837,3754,3796,1751,1861,35,37,21,15,7,5,157,123,3885,3902,1847,1932,0.2223960478,0.2221490325,0.2161383285,0.1478797859,,,799.3133345,,480
37075,Graham County,NorthCarolina,0.885,8484,62.08,4171,1265,2824,82,3910,1115,2743,52,4094,761,3260,73,1151,2249,1827,815,19,37.2,30.2,13.5,20809,18028,17077,14638,555,175,2589,2669,150,138,45,32,393,376,17405,14968,692,326,0.2116963064,0.1941404469,0.2154582763,0.195622435,,,1873.636479,,2499
37077,Granville County,NorthCarolina,0.6451036514,60443,2.57,24725,13074,11447,204,26068,13529,12332,207,26920,12827,13500,593,6522,12936,12677,9243,15.8,31.3,30.6,22.3,30692,29751,19711,19281,9879,9432,290,237,193,232,35,23,584,546,20216,19755,10225,9777,0.246972064,0.2405214265,0.205412488,0.1240571822,,,2690.251552,,673
37079,Greene County,NorthCarolina,0.586,21012,9.64,8103,3796,4272,35,8194,3761,4393,40,8013,3570,4358,85,3870,4861,4640,1571,25.9,32.5,31.1,10.5,3829,4282,735,765,3033,3449,18,13,11,12,0,0,32,43,765,803,3052,3476,0.269346781,0.2152417759,0.1973324536,0.1248468282,,,185.9980553,,788
37081,Guilford County,NorthCarolina,0.5596417548,537174,-20.7,241771,142101,97718,1952,251529,145483,103964,2082,252087,147949,97461,6677,37932,82991,104817,122918,10.9,23.8,30.1,35.3,254212,282962,144895,155730,86831,103307,2018,2122,13928,14390,253,272,6287,7141,150111,161550,91116,108274,0.2876265411,0.2110013017,0.1840348884,0.1219727558,,,-57318.07418,,-50488
37083,Halifax County,NorthCarolina,0.399060188,50010,-27.11,25091,16047,8961,83,25724,16931,8686,107,24881,15642,8954,285,8203,13753,9182,5253,22.5,37.8,25.2,14.4,24099,25911,9756,10201,12753,14131,1035,1001,203,224,17,20,335,334,10032,10462,12969,14364,0.2366402478,0.2025234581,0.2133278674,0.1591873918,,,-4758.14067,,-6688
37085,Harnett County,NorthCarolina,0.7130670118,135976,24.52,40705,16785,23579,341,42343,16858,25070,415,44955,16452,27278,1225,11435,25063,29886,17367,13.7,29.9,35.7,20.7,67259,68717,48200,48760,14629,15206,1206,1141,714,1030,154,156,2356,2424,50242,50849,16068,16710,0.287188736,0.2111818433,0.1642188156,0.1037472211,,,10918.80686,,10826
37087,Haywood County,NorthCarolina,0.958855529,62317,28.76,28067,12730,14910,427,27679,11742,15553,384,30156,10414,18844,898,5383,11993,16512,11287,11.9,26.5,36.6,25,30101,32216,28804,30949,473,389,225,196,156,219,13,18,430,445,29210,31358,623,542,0.2052828903,0.2041666667,0.2223670757,0.2080777096,,,15112.45653,,8430
37089,Henderson County,NorthCarolina,0.925,117417,28.73,51614,20082,30930,602,51961,18519,32860,582,56810,19664,35535,1611,8546,20478,28435,26740,10.1,24.3,33.8,31.8,3231,3415,3153,3307,16,25,13,9,6,26,3,2,40,46,3192,3353,37,53,0.2017932539,0.1932919019,0.2110536553,0.2215854642,,,28947.92242,,15871
37091,Hertford County,NorthCarolina,0.3553237319,23677,-38.08,10650,7513,3089,48,10872,7815,3001,56,10100,6886,3081,133,3477,5307,5496,2451,20.8,31.7,32.8,14.6,11781,11896,4413,4000,6954,7479,139,167,114,66,9,3,152,181,4531,4146,7031,7584,0.2575720666,0.1978887536,0.2123832724,0.1579780755,,,-2934.614012,,-3805
37093,Hoke County,NorthCarolina,0.4902958323,55234,-11.24,15627,9227,6293,107,16800,9915,6721,164,17847,9608,7676,563,4769,9475,13584,6272,14,27.8,39.8,18.4,27240,27994,13712,13369,9594,10000,2351,2667,326,491,113,109,1144,1358,14661,14491,10265,10832,0.3112696583,0.2052944119,0.1509146673,0.07378243752,,,329.5678237,,-1932
37095,Hyde County,NorthCarolina,0.676,4937,14.34,2469,1241,1212,16,2358,1157,1183,18,2273,956,1275,42,709,1602,1182,363,18.4,41.5,30.7,9.4,2638,2299,1790,1672,771,549,25,14,9,24,0,1,43,39,1830,1707,790,567,0.2530388632,0.2200821777,0.2214518062,0.1516863551,,,123.5677732,,319
37097,Iredell County,NorthCarolina,0.822552611,181806,37.77,73162,27318,45148,696,75762,25952,49071,739,80727,24441,54164,2122,13015,33120,39423,32473,11,28.1,33.4,27.5,89488,92318,74051,75494,10622,11807,497,492,2420,2580,67,46,1831,1899,75740,77230,11715,12964,0.2374433865,0.230332154,0.1950332535,0.12727804,,,27199.61351,,29723
37099,Jackson County,NorthCarolina,0.857,43938,12.27,16866,8766,7854,246,16556,8052,8224,280,18004,7564,9706,734,3141,7205,8407,8226,11.6,26.7,31.2,30.5,25367,26259,23189,23984,893,910,421,432,132,169,34,25,698,739,23868,24688,1086,1132,0.3324215485,0.1733150976,0.1955018616,0.1499126206,,,2495.504885,,2142
37101,Johnston County,NorthCarolina,0.788032808,209339,31.44,71017,26795,43622,600,76021,27052,48206,763,84553,28153,54082,2318,17373,37055,44435,27592,13.7,29.3,35.1,21.8,102577,106762,81271,83695,16977,18680,999,971,858,1114,115,103,2357,2199,83405,85678,18321,19959,0.245192628,0.2379005639,0.1804907002,0.1012167572,,,28701.82091,,25929
37103,Jones County,NorthCarolina,0.664,9419,18.04,5227,2378,2817,32,5192,2335,2825,32,5039,2041,2941,57,1337,2213,2771,950,18.4,30.4,38.1,13.1,13898,14837,10121,10683,3433,3820,49,58,81,93,2,3,212,180,10310,10844,3560,3937,0.226182249,0.1975515846,0.2302300326,0.1707967223,,,377.3027592,,900
37105,Lee County,NorthCarolina,0.747,61779,13.41,23788,10784,12775,229,23800,10577,13000,223,24676,10380,13625,671,6663,10936,14225,8421,16.6,27.2,35.3,20.9,80840,83702,58022,58389,17413,20325,323,274,3614,3246,77,70,1391,1398,59282,59616,18083,21029,0.2567150113,0.2060404559,0.1866502609,0.135434665,,,7138.305461,,3245
37107,Lenoir County,NorthCarolina,0.5542547677,55949,3.73,26897,13378,13401,118,27247,13350,13763,134,25500,11752,13354,394,7800,12800,13430,5785,19.6,32.1,33.7,14.5,26737,29212,15282,15728,10586,12603,186,171,178,235,63,45,442,430,15665,16089,10863,12882,0.2352644243,0.1974979388,0.2123555047,0.1574094328,,,-113.1316614,,1602
37109,Lincoln County,NorthCarolina,0.915,86111,48.86,35798,11713,23631,454,36532,10980,25184,368,39449,9836,28653,960,8357,18013,19152,12375,14.4,31.1,33.1,21.4,7995,5029,4986,3812,2834,1077,44,28,32,15,1,0,98,97,5076,3901,2878,1123,0.2270516363,0.2362413583,0.2110133987,0.1304979441,,,17084.01041,,18817
37113,Macon County,NorthCarolina,0.953,35285,42.65,17238,6620,10317,301,16750,5692,10817,241,17336,4841,12035,460,2938,7914,8768,6252,11.4,30.6,33.9,24.2,8218,9850,1579,1551,6442,8080,19,30,71,37,2,1,105,151,1663,1662,6499,8173,0.2031370001,0.1755922491,0.2296183612,0.2337389969,,,8214.014286,,7194
37115,Madison County,NorthCarolina,0.96,21755,26.68,10379,5026,5192,161,10023,4466,5379,178,10966,3899,6735,332,2229,4678,4136,4213,14.6,30.7,27.1,27.6,182366,190543,128106,128722,43203,49506,1491,1507,4532,5446,197,195,4837,5167,132437,133271,45496,52062,0.2345141309,0.2025019357,0.2239401858,0.1735869144,,,4611.060861,,2836
37117,Martin County,NorthCarolina,0.552,22671,0.43,12541,6539,5957,45,12541,6514,5963,64,11852,5814,5874,164,2767,5712,5301,2788,16.7,34.5,32,16.8,79574,81426,71287,73714,4938,4213,887,691,1036,1383,166,122,1260,1303,72438,74874,5539,4847,0.2149094173,0.2012812143,0.2291904684,0.1720254611,,,-235.402192,,60
37111,McDowell County,NorthCarolina,0.9233761692,45756,51.47,18386,6571,11534,281,17953,6006,11732,215,19557,4645,14517,395,5283,10909,10901,5498,16.2,33.5,33.4,16.9,22798,22958,20896,21354,1102,814,201,185,247,241,16,7,336,357,21212,21687,1290,1011,0.2289771714,0.2162364009,0.2118668629,0.1612270376,,,8809.449009,,9872
37119,Mecklenburg County,NorthCarolina,0.5733512495,1110356,-30.89,410817,253958,153848,3011,445062,270705,170490,3867,461834,292258,154303,15273,69881,122374,196799,315345,9.9,17.4,27.9,44.8,533670,576686,313613,323011,166548,199598,4498,4464,35492,34562,515,579,13004,14472,324625,335053,174935,209174,0.3062937341,0.2290156464,0.1645360645,0.0869579127,,,-196211.2471,,-137955
37121,Mitchell County,NorthCarolina,0.963,15000,59.48,7846,2238,5499,109,7673,1810,5778,85,7948,1585,6225,138,1721,3744,3580,2091,15.5,33.6,32.1,18.8,11308,10555,5516,5270,5496,5002,75,53,92,89,7,9,122,132,5625,5383,5557,5085,0.2086270991,0.2027624664,0.2251313934,0.2031149853,,,3989.092114,,4640
37123,Montgomery County,NorthCarolina,0.765,27271,26.42,11210,4926,6155,129,11178,4689,6389,100,11449,4108,7070,271,3933,6628,5637,2795,20.7,34.9,29.7,14.7,106394,120092,39387,41035,61404,72952,372,393,3607,3817,108,107,1516,1788,40607,42412,62343,74094,0.237130832,0.2015180402,0.2061225224,0.1536386201,,,3217.903831,,2962
37125,Moore County,NorthCarolina,0.8310765266,100880,30.25,45328,17624,27314,390,46044,16371,29336,337,47746,16148,30273,1325,6633,15230,21771,25502,9.6,22,31.5,36.9,48765,52115,40784,43055,5573,6528,514,501,719,876,90,80,1085,1075,41749,43981,6157,7134,0.2029761427,0.1886743783,0.2033487338,0.2248501038,,,21323.45326,,14125
37127,Nash County,NorthCarolina,0.546978727,94298,0.18,47118,23099,23728,291,48235,24214,23769,252,46903,23024,23142,737,9439,21746,19963,13505,14.6,33.6,30.9,20.9,45143,49155,25239,26340,18067,20844,471,506,461,444,77,20,828,1001,25943,27148,18603,21555,0.2423663518,0.2132408043,0.2097999894,0.1373898359,,,-1815.532571,,118
37129,New Hanover County,NorthCarolina,0.8220903899,234473,4.11,100665,49145,50544,976,102067,48038,52792,1237,108737,50219,54665,3853,10768,32914,49018,59967,7.1,21.6,32.1,39.3,111563,122910,92287,100471,14565,16930,594,714,1657,2028,117,125,2343,2642,94383,102781,15770,18351,0.3037974684,0.2024242878,0.1904151999,0.1367388211,,,14034.70099,,4446
37131,Northampton County,NorthCarolina,0.4036339373,19483,-26.34,10618,6903,3671,44,10719,7210,3474,35,9761,6113,3556,92,3088,5964,4052,1925,20.5,39.7,27,12.8,9537,9946,3915,3949,5405,5744,67,63,29,30,3,3,118,157,4022,4077,5482,5844,0.2162983801,0.1953582286,0.2276192205,0.1916602387,,,-1816.997078,,-2557
37133,Onslow County,NorthCarolina,0.7618496701,197938,35.89,50203,19499,30278,426,50353,18115,31695,543,55364,17156,36342,1866,9045,30077,42008,22050,8.8,29.2,40.7,21.4,108732,89206,83891,66908,16609,14600,1038,827,2033,2419,325,278,4836,4174,88240,70619,19266,17014,0.4388373342,0.1540461034,0.1214680135,0.07335685252,,,1553.480063,,19186
37135,Orange County,NorthCarolina,0.766,148476,-52.71,74910,53806,20266,838,75848,53404,21398,1046,79830,59105,18373,2352,6478,13182,18090,51193,7.3,14.8,20.3,57.6,1566825,1608867,1125286,1133419,35120,32921,16519,15947,326088,363553,6251,6054,57561,56973,1178172,1185627,45980,43855,0.3557992663,0.199542412,0.1812464546,0.09334039254,,,-807.2203803,,-40732
37137,Pamlico County,NorthCarolina,0.7764419299,12726,26.99,6712,2838,3823,51,6712,2632,4032,48,6772,2427,4225,120,1192,3011,3813,1928,12,30.3,38.3,19.4,6479,6247,4945,4936,1319,1092,55,44,33,43,23,2,104,130,5041,5053,1382,1173,0.1965538274,0.1918648978,0.2477508387,0.214547118,,,1361.938577,,1798
37139,Pasquotank County,NorthCarolina,0.5846976697,39824,-2.59,18180,10272,7778,130,17343,9970,7216,157,16964,8455,8082,427,3625,8466,9225,5498,13.5,31.6,34.4,20.5,19487,20337,11563,11722,6933,7644,142,111,318,312,16,15,515,533,12017,12179,7259,7976,0.2926368013,0.1980302584,0.1868061696,0.133510168,,,-43.69862623,,-373
37141,Pender County,NorthCarolina,0.814779575,63060,30.69,23749,9907,13618,224,24036,9455,14368,213,27072,9086,17317,669,5189,12059,13349,11001,12.5,29,32.1,26.4,31400,31660,25651,25729,4578,4715,303,251,173,260,29,23,666,682,26252,26322,4916,5081,0.2326011606,0.2172664252,0.2157280835,0.1491802002,,,7694.426732,,8231
37143,Perquimans County,NorthCarolina,0.7459704375,13463,28.6,6501,2772,3678,51,6621,2747,3814,60,6595,2291,4143,161,1361,3112,3581,2060,13.5,30.8,35.4,20.4,6445,7018,4877,5166,1406,1644,32,36,30,39,0,2,100,131,4970,5281,1466,1731,0.2066381958,0.1836742339,0.2280287705,0.2139806698,,,1592.611079,,1852
37145,Person County,NorthCarolina,0.6996708027,39490,17.63,18632,8446,10030,156,19008,8384,10467,157,19303,7772,11116,415,3813,10112,9727,4272,13.7,36.2,34.8,15.3,19093,20397,13512,14118,4964,5614,178,171,87,81,4,6,348,407,13821,14478,5224,5908,0.2272808655,0.2175998158,0.2159372842,0.1495766939,,,3419.133842,,3344
37147,Pitt County,NorthCarolina,0.5910192429,180742,-7.91,74884,40501,33927,456,76814,40701,35534,579,78264,40967,35191,2106,11323,25219,36324,34023,10.6,23.6,34,31.8,84780,95962,51369,55453,29004,35850,502,458,1829,2013,133,134,1943,2054,53045,57188,30293,37241,0.3623589021,0.1878014848,0.1626681328,0.09771448707,,,-11486.0401,,-5776
37149,Polk County,NorthCarolina,0.9378881988,20611,28.88,10562,4396,5990,176,10323,4000,6219,104,10723,3715,6738,270,1433,4108,5248,5014,9.1,26,33.2,31.7,9747,10217,9140,9584,73,51,216,204,59,132,8,2,251,244,9381,9818,119,92,0.1757916543,0.1920193351,0.2337476571,0.2425766992,,,5644.341827,,3023
37151,Randolph County,NorthCarolina,0.889,143667,57.86,58147,16414,40998,735,60202,14675,44913,614,63615,13074,49156,1385,18335,33355,31381,15559,18.6,33.8,31.8,15.8,11078,11644,8724,8995,2060,2310,47,60,43,61,17,9,187,209,8898,9188,2167,2432,0.2364167727,0.2223837933,0.1991886684,0.1381183648,,,26200.1892,,36082
37153,Richmond County,NorthCarolina,0.614,44829,9.97,19327,9713,9424,190,19127,9747,9236,144,18813,8290,10199,324,6035,10681,9590,4264,19.7,34.9,31.4,13.9,98225,104293,38563,36664,54689,62258,439,421,1568,1977,234,237,2732,2736,40847,38900,56499,64152,0.2531648281,0.2043590018,0.198361358,0.1419942166,,,1694.122551,,1909
37155,Robeson County,NorthCarolina,0.3058066986,130625,4.39,40834,23058,17433,343,41380,23957,17093,330,39454,18377,20294,783,19647,29092,25599,11320,22.9,34,29.9,13.2,62923,67702,19519,20427,14711,16102,26406,28816,405,458,111,86,1771,1813,20874,21790,15637,17064,0.2860425647,0.1985701627,0.181831153,0.1100614289,,,-12597.24349,,1917
37157,Rockingham County,NorthCarolina,0.776,91010,30.69,41612,17255,23899,458,41549,16170,25037,342,41374,14057,26463,854,11394,22602,21679,9789,17.4,34.5,33.1,15,153423,156346,145501,148448,1993,1442,355,329,3100,3815,72,80,2402,2232,147827,150612,2794,2200,0.2231728367,0.2189593988,0.2152498579,0.159767564,,,10706.92067,,12406
37159,Rowan County,NorthCarolina,0.795,142088,37.63,61560,23391,37451,718,61803,22529,38622,652,63078,19208,42388,1482,14118,31477,32308,17953,14.7,32.8,33.7,18.7,11782,12678,11264,12209,236,200,30,23,74,126,1,4,177,116,11433,12316,336,266,0.2526133163,0.210473591,0.1970077528,0.142658033,,,16692.67804,,23180
37161,Rutherford County,NorthCarolina,0.8699816497,67029,48.87,28720,9641,18769,310,28373,9277,18797,299,29764,7451,21694,619,8245,15142,15844,8193,17.4,31.9,33.4,17.3,32353,34676,28133,30181,3192,3416,147,121,190,224,25,23,666,711,28752,30829,3643,3906,0.2227560765,0.208037069,0.213243388,0.1704995091,,,11634.9227,,14243
37163,Sampson County,NorthCarolina,0.6655805827,63531,16.9,26038,11836,14038,164,26005,11496,14358,151,25638,10486,14761,391,9492,14171,13427,5427,22.3,33.3,31.6,12.8,31245,32286,21006,21279,8047,8823,1161,1184,183,216,99,83,749,701,21656,21876,8481,9241,0.2480534454,0.2080483914,0.1906912835,0.1399308243,,,5108.859886,,4275
37165,Scotland County,NorthCarolina,0.451,34823,-7.83,14217,8151,6005,61,14020,8131,5799,90,13743,7279,6212,252,4771,8063,7165,3675,20.2,34.1,30.3,15.5,2420,2482,2376,2433,1,4,7,10,3,8,0,0,33,27,2408,2458,17,18,0.2536471236,0.2008532893,0.2053674649,0.1323974677,,,-1842.796724,,-1067
37167,Stanly County,NorthCarolina,0.8436455116,62806,51.17,28506,8878,19329,299,28276,8287,19698,291,29451,7008,21788,655,6359,14813,14742,6741,14.9,34.7,34.6,15.8,31355,31451,26318,26668,3654,3485,160,135,655,616,91,70,477,477,26768,27107,3976,3814,0.2432522216,0.2120255793,0.2019931899,0.1548708579,,,10582.80212,,14780
37169,Stokes County,NorthCarolina,0.9372244522,45591,57.16,21743,6875,14488,380,21396,5969,15142,285,22182,4645,16976,561,5529,13815,9787,4471,16.5,41.1,29.1,13.3,22321,23270,20871,21858,950,914,115,100,86,102,7,6,292,290,21145,22120,1111,1065,0.2163016051,0.2292890312,0.2191747418,0.1548101185,,,10347.87942,,12331
37171,Surry County,NorthCarolina,0.929008261,71783,51.94,29525,10475,18730,320,29096,9005,19753,338,31663,7438,23495,730,10995,14834,16350,8498,21.7,29.3,32.3,16.8,34955,36828,32447,34240,1500,1530,250,223,233,332,25,38,500,465,32903,34651,1784,1776,0.2243645686,0.2145671976,0.2036585033,0.164298571,,,15972.35214,,16057
37173,Swain County,NorthCarolina,0.6306495691,14271,23.76,5798,2806,2900,92,5705,2618,2976,111,5982,2186,3557,239,2141,3067,3076,1573,21.7,31.1,31.2,16,6841,7430,4330,4670,87,81,2010,2287,50,52,4,1,360,339,4669,4984,165,149,0.2363675707,0.1974538373,0.2101485863,0.1627957299,,,668.0978919,,1371
37175,Transylvania County,NorthCarolina,0.9342155009,34385,23.2,16909,7275,9401,233,16469,6740,9522,207,17440,6520,10441,479,2900,6837,7641,7987,11.4,27,30.1,31.5,16563,17822,15379,16744,672,535,89,68,101,123,12,10,310,342,15660,17050,843,717,0.2097718678,0.17117543,0.2213157253,0.2534158839,,,8317.956535,,3921
37177,Tyrrell County,NorthCarolina,0.5669820717,4016,15.04,1910,933,960,17,1775,835,929,11,1700,705,968,27,809,1298,877,320,24.5,39.3,26.5,9.7,2267,1749,1177,1100,994,537,22,16,38,40,1,0,35,56,1209,1152,1018,571,0.2712018141,0.2119047619,0.2026077098,0.1659863946,,,-43.73842064,,263
37179,Union County,NorthCarolina,0.816,239859,32.04,86089,31189,54123,777,93389,32032,60468,889,103596,34051,66265,3280,14675,35959,43240,50162,10.2,25,30,34.8,18841,19841,12278,12488,5999,6766,100,107,124,139,10,10,330,331,12592,12796,6152,6914,0.229844001,0.2454084399,0.1749124754,0.0952713897,,,45237.12214,,32214
37181,Vance County,NorthCarolina,0.4507915123,44535,-25.03,20871,13166,7606,99,20770,13286,7406,78,19762,12168,7304,290,5998,11076,8994,3867,20,37,30,12.9,20780,23755,9634,10442,10402,12550,266,175,124,211,9,17,345,360,9919,10739,10635,12794,0.250933351,0.2034373826,0.1983564186,0.1388207745,,,-1816.79017,,-4864
37183,Wake County,NorthCarolina,0.6785190342,1111761,-21.38,442245,250891,187001,4353,526805,286939,232933,6933,510940,298353,193607,18980,50481,107053,177117,360231,7.3,15.4,25.5,51.8,540765,570996,371942,382409,107856,126000,4508,4277,42404,43016,408,453,13647,14841,383988,395310,115290,134326,0.2917546898,0.236249694,0.1689641455,0.08344137887,,,-144132.6382,,-104746
37185,Warren County,NorthCarolina,0.3949371907,19807,-33.23,10195,7086,3063,46,9777,6635,3111,31,10123,6668,3302,153,2813,4909,4456,2239,19.5,34.1,30.9,15.5,2485,2769,1018,1057,1409,1656,9,8,22,15,0,0,27,33,1042,1087,1425,1675,0.22724869,0.192202298,0.2310946589,0.1857603,,,-2528.477442,,-3366
37187,Washington County,NorthCarolina,0.48,11859,-15.57,6454,3748,2670,36,6456,3811,2615,30,6115,3490,2560,65,1683,2998,2759,946,20.1,35.8,32.9,11.3,8001,8325,5336,5440,1812,1992,594,710,153,34,10,11,96,138,5425,5561,1849,2047,0.2144529185,0.1896473609,0.2261949709,0.1794155403,,,-492.7870602,,-930
37189,Watauga County,NorthCarolina,0.9482350428,56177,-1.58,28372,14558,13344,470,28168,13371,14124,673,28769,13953,13521,1295,3243,6294,8558,12889,10.5,20.3,27.6,41.6,27992,28185,26549,26720,586,456,124,107,277,371,13,10,443,521,26954,27191,757,647,0.4447836236,0.1500468865,0.1684623212,0.1220646037,,,958.2501752,,-432
37191,Wayne County,NorthCarolina,0.629,123131,11.7,49882,22671,26952,259,50988,23154,27536,298,49824,21520,27360,944,13051,25056,27947,16051,15.9,30.5,34,19.5,15336,14591,11533,11291,3238,2794,127,59,108,123,18,14,312,310,11808,11570,3441,2988,0.2722647146,0.2020976266,0.1875800151,0.1291648886,,,3518.080753,,5840
37193,Wilkes County,NorthCarolina,0.928,68412,56.31,29724,8934,20288,502,28852,8089,20410,353,30844,6596,23613,635,10522,15436,15483,7626,21.4,31.5,31.6,15.5,4669,5108,2678,2774,1861,2157,10,13,45,42,2,0,73,122,2747,2890,1912,2243,0.2193554922,0.2135818369,0.2150433386,0.1654969829,,,14138.13775,,17017
37195,Wilson County,NorthCarolina,0.56,81801,-5.73,37191,19652,17375,164,38890,20745,17904,241,37593,19527,17410,656,10880,17631,15920,10821,19.7,31.9,28.8,19.6,4222,4303,3997,4055,27,18,65,76,11,33,2,5,120,116,4113,4166,62,50,0.2514719189,0.2043457243,0.1994000768,0.1399779367,,,385.8479249,,-2117
37197,Yadkin County,NorthCarolina,0.93933682,37667,62.91,17147,4527,12409,211,16657,3928,12500,229,17350,3140,13815,395,5052,9234,9335,3012,19,34.7,35.1,11.3,18654,19013,17470,17912,667,618,140,133,77,96,23,25,277,229,17723,18123,830,755,0.2218853723,0.2206570316,0.2044533884,0.1597365601,,,9289.474365,,10675
37199,Yancey County,NorthCarolina,0.964137473,18069,33.28,9717,4486,5045,186,9344,3954,5249,141,9808,3181,6367,260,2076,4278,4146,2619,15.8,32.6,31.6,20,8890,9179,8537,8884,123,82,72,65,22,35,32,20,104,93,8629,8967,175,129,0.206915846,0.2013764548,0.2275626679,0.2009288272,,,4844.34276,,3186
,,,,,,,,,,,,,,,,,,,,,,,,,,,,,,,,,,,,,,,,,,,,,,,,,,,,
,,,,,,,,,,,,,,,,,,,,,,,,,,,,,,,,,,,,,,,,,,,,,,,,,,,,
,,,,,,,,,,,,,,,,,,,,,,,,,,,,,,,,,,,,,,,,,,,,,,,,,,218876.1045,,
,,,,,,,,,,,,,,,,,,,,,,,,,,,,,,,,,,,,,,,,,,,,,,,,,,,,
,,,,,,,,,,,,,,,,,,,,,,,,,,,,,,,,,,,,,,,,,,,,,,,,,,,,0.04656938395
,,,,,,,,,,,,,,,,,,,,,,,,,,,,,,,,,,,,,,,,,,,,,,,,,,#DIV/0!,,